<?xml version="1.0" encoding="utf-8" standalone="yes"?>
<rss version="2.0" xmlns:atom="http://www.w3.org/2005/Atom">
  <channel>
    <title>Feature on IC STUDIO</title>
    <link>http://localhost:1313/tags/feature/</link>
    <description>Recent content in Feature on IC STUDIO</description>
    <generator>Hugo</generator>
    <language>en-us</language>
    <atom:link href="http://localhost:1313/tags/feature/index.xml" rel="self" type="application/rss+xml" />
    <item>
      <title>关于 IC STUDIO：我的音乐成长故事</title>
      <link>http://localhost:1313/%E7%BD%91%E7%AB%99%E5%86%85%E5%AE%B9/guan-yu-ic-studio/</link>
      <pubDate>Mon, 01 Jan 0001 00:00:00 +0000</pubDate>
      <guid>http://localhost:1313/%E7%BD%91%E7%AB%99%E5%86%85%E5%AE%B9/guan-yu-ic-studio/</guid>
      <description>哈咯，欢迎来到 IC Studio 官网！我是 Igor Chen，IC Studio 的创办人。IC Studio 是我在 2024 年 8 月底创立的自媒体频道，其中的 “IC” 便是我名字的首字母缩写。&#xA;我是居住在意大利的语言专业高中生，同时也是一名内容创作者和音乐爱好者。我的音乐旅程始于初三（2019 年 3 月 1 日），那时在音乐课上看到老师弹琴，觉得特别帅，于是买了一把吉他，跟着老师一起练习。渐渐地，我对音乐的兴趣越来越浓厚，特别是在接触 “好和弦” 这个频道后，乐理和音乐创作成为我探索的重点。也是从那时起，我开启了自学音乐的道路。&#xA;随着学习的深入，我开始找了一位专业的爵士吉他老师并开始学习即兴，但同时也没有停止自学。我通过各种视频、书籍等资源不断吸收新知识，并享受这个学习过程。&#xA;2025 年，我计划报考米兰音乐大学（Giuseppe Verdi），继续深入学习音乐，提升自己的创作能力。IC Studio 是我分享音乐旅程、创作心得和个人思考的空间，希望这里的内容能为你带来启发，也欢迎你与我交流，一起感受音乐的魅力！&#xA;为什么要建立 IC Studio 呢？ 目前 IC Studio 只会在 YouTube，哔哩哔哩和 Odysee 三个平台上发布内容，如果你在其他平台看到我，那都不是我。&#xA;与其说 IC Studio 是一个频道，我更愿意把他称之为我在自媒体上的一个身份。我创建 IC Studio 主要有以下几个目的：&#xA;建立一个只有自己的分享音乐知识和运营自媒体的平台，减少对其他平台的依赖性。 帮助那些没有音乐背景却热爱音乐的朋友找到自己的方向，早日突破当前的瓶颈期。 这条也是我认为最重要的一条：我希望在帮助别人的同时，提升自己的对音乐的理解以及整体水平。毕竟巩固也是学习里重要的一部分。 在我的音乐成长道路上，大部分时间都是通过自学完成的，因此我非常了解自学音乐过程中常见的困惑和挑战。但我也知道，光靠自学不能完全吸收书本里的知识，正因如此，我创建了 IC Studio，希望通过分享我学到的内容，帮助音乐初学者少走弯路，克服瓶颈期的同时实现一个自我成长，成为我想成为的那个人。&#xA;我可以怎么帮助你？ 目前这个网站可以提供一下服务：&#xA;私人课程：你可以跟我预约一对一线上课程，详情点这里 许愿池：你可以在这个页面许愿未来想看到的视频主题 吉他/乐理教学：你可以在这个页面看到被系统整理过后的音乐内容 支持 IC Studio：如果你觉得 IC Studio 的内容对你的音乐发展有帮助，请一定要用实际行动来支持 IC Studio 哦！ 在未来，我可能会在这个网站上传我自己的视频课程，以及一些会员制度和福利，提出一些更深层次的音乐交流和活动。请敬请期待！</description>
    </item>
  </channel>
</rss>
