<?xml version="1.0" encoding="utf-8" standalone="yes"?>
<rss version="2.0" xmlns:atom="http://www.w3.org/2005/Atom">
  <channel>
    <title>Space on IC STUDIO</title>
    <link>http://localhost:1313/tags/space/</link>
    <description>Recent content in Space on IC STUDIO</description>
    <generator>Hugo -- gohugo.io</generator>
    <language>en-us</language>
    <lastBuildDate>Wed, 04 Oct 2023 22:11:36 +0700</lastBuildDate>
    <atom:link href="http://localhost:1313/tags/space/index.xml" rel="self" type="application/rss+xml" />
    <item>
      <title>许愿池</title>
      <link>http://localhost:1313/posts/2023/%E8%AE%B8%E6%84%BF%E6%B1%A0/</link>
      <pubDate>Wed, 04 Oct 2023 22:11:36 +0700</pubDate>
      <guid>http://localhost:1313/posts/2023/%E8%AE%B8%E6%84%BF%E6%B1%A0/</guid>
      <description>许愿池 {{ define &amp;#34;main&amp;#34; }} {{- partial &amp;#34;hero.html&amp;#34; . -}} &amp;lt;main class=&amp;#34;flex justify-center items-center min-h-screen max-w-7xl mx-auto py-8&amp;#34;&amp;gt; &amp;lt;article class=&amp;#34;prose prose-lg sm:px-8 lg:px-8 bg-white dark:bg-zinc-900 rounded-lg shadow-lg p-6&amp;#34;&amp;gt; &amp;lt;h1&amp;gt;{{ .Title }}&amp;lt;/h1&amp;gt; {{ .Content }} &amp;lt;/article&amp;gt; &amp;lt;/main&amp;gt; {{ end }} </description>
    </item>
  </channel>
</rss>
