<?xml version="1.0" encoding="utf-8" standalone="yes"?>
<rss version="2.0" xmlns:atom="http://www.w3.org/2005/Atom">
  <channel>
    <title>Telescopes on My New Hugo Site</title>
    <link>http://localhost:1313/tags/telescopes/</link>
    <description>Recent content in Telescopes on My New Hugo Site</description>
    <generator>Hugo</generator>
    <language>en-us</language>
    <lastBuildDate>Mon, 07 Aug 2023 09:30:32 +0700</lastBuildDate>
    <atom:link href="http://localhost:1313/tags/telescopes/index.xml" rel="self" type="application/rss+xml" />
    <item>
      <title>Cosmic Time Travel: Peering into the Universe&#39;s Past with Telescopes</title>
      <link>http://localhost:1313/posts/2022/cosmic-time-travel/</link>
      <pubDate>Mon, 07 Aug 2023 09:30:32 +0700</pubDate>
      <guid>http://localhost:1313/posts/2022/cosmic-time-travel/</guid>
      <description>In the realm of astronomy, telescopes are our time machines, allowing us to peer into the distant past of the universe. These remarkable instruments have the power to capture light that has traveled across the cosmos for millions or even billions of years. In this article, we embark on a journey of cosmic time travel, exploring how telescopes enable us to witness the universe&amp;rsquo;s history.&#xA;The Time-Traveling Telescopes Keyword: Time-Traveling Telescopes</description>
    </item>
  </channel>
</rss>
