<?xml version="1.0" encoding="utf-8" standalone="yes"?>
<rss version="2.0" xmlns:atom="http://www.w3.org/2005/Atom">
  <channel>
    <title>我可以怎么帮到你？ on IC STUDIO</title>
    <link>http://localhost:1313/categories/%E6%88%91%E5%8F%AF%E4%BB%A5%E6%80%8E%E4%B9%88%E5%B8%AE%E5%88%B0%E4%BD%A0/</link>
    <description>Recent content in 我可以怎么帮到你？ on IC STUDIO</description>
    <generator>Hugo</generator>
    <language>en-us</language>
    <atom:link href="http://localhost:1313/categories/%E6%88%91%E5%8F%AF%E4%BB%A5%E6%80%8E%E4%B9%88%E5%B8%AE%E5%88%B0%E4%BD%A0/index.xml" rel="self" type="application/rss+xml" />
    <item>
      <title>这个系列将带你脱离前三品和声！</title>
      <link>http://localhost:1313/%E6%88%91%E5%8F%AF%E4%BB%A5%E6%80%8E%E4%B9%88%E5%B8%AE%E5%88%B0%E4%BD%A0/%E5%90%89%E4%BB%96%E5%92%8C%E5%A3%B0/</link>
      <pubDate>Mon, 01 Jan 0001 00:00:00 +0000</pubDate>
      <guid>http://localhost:1313/%E6%88%91%E5%8F%AF%E4%BB%A5%E6%80%8E%E4%B9%88%E5%B8%AE%E5%88%B0%E4%BD%A0/%E5%90%89%E4%BB%96%E5%92%8C%E5%A3%B0/</guid>
      <description>这个系列会带你认识一些吉他上的和声类型，让你进一步的拓展你的和声词汇库！&#xA;Shell Voicings 哔哩哔哩链接: https://www.bilibili.com/video/BV1mSyxY6ESt/&#xA;Drop 2 Voicings 哔哩哔哩链接: https://www.bilibili.com/video/BV1YwSLYhEQG/&#xA;Triads 哔哩哔哩链接: https://www.bilibili.com/video/BV1aWDaY5ETR/&#xA;Rootless Voicings 哔哩哔哩链接: https://www.bilibili.com/video/BV1oBUFYoEhD/&#xA;Drop 3 Voicings 哔哩哔哩链接: https://www.bilibili.com/video/BV13NUXYcEv9/</description>
    </item>
    <item>
      <title>觉得传统的和声进行太无聊了吗？那就点进来吧！</title>
      <link>http://localhost:1313/%E6%88%91%E5%8F%AF%E4%BB%A5%E6%80%8E%E4%B9%88%E5%B8%AE%E5%88%B0%E4%BD%A0/%E9%87%8D%E9%85%8D%E5%92%8C%E5%A3%B0/</link>
      <pubDate>Mon, 01 Jan 0001 00:00:00 +0000</pubDate>
      <guid>http://localhost:1313/%E6%88%91%E5%8F%AF%E4%BB%A5%E6%80%8E%E4%B9%88%E5%B8%AE%E5%88%B0%E4%BD%A0/%E9%87%8D%E9%85%8D%E5%92%8C%E5%A3%B0/</guid>
      <description>这个系列会教你如何灵活的使用和声，怎么具体使用这些理论。在一些视频里还会提供一些实际的流行歌案例。&#xA;和声功能替换 哔哩哔哩链接: https://www.bilibili.com/video/BV1K7z6YwEiq/&#xA;借用和弦 哔哩哔哩链接: https://www.bilibili.com/video/BV1e5izYYErw/&#xA;副属和弦 哔哩哔哩链接: https://www.bilibili.com/video/BV1FiqXYSEcf/</description>
    </item>
    <item>
      <title>如何把乐理变成乐曲？</title>
      <link>http://localhost:1313/%E6%88%91%E5%8F%AF%E4%BB%A5%E6%80%8E%E4%B9%88%E5%B8%AE%E5%88%B0%E4%BD%A0/%E4%BD%9C%E6%9B%B2/</link>
      <pubDate>Mon, 01 Jan 0001 00:00:00 +0000</pubDate>
      <guid>http://localhost:1313/%E6%88%91%E5%8F%AF%E4%BB%A5%E6%80%8E%E4%B9%88%E5%B8%AE%E5%88%B0%E4%BD%A0/%E4%BD%9C%E6%9B%B2/</guid>
      <description>爵士管乐五重奏怎么写？ 哔哩哔哩链接: https://www.bilibili.com/video/BV1UPtTehEz6/&#xA;从零到一的旋律写作教学！ 哔哩哔哩链接: https://www.bilibili.com/video/BV1rVH8ewEcx/&#xA;如何用 Clave 编曲？ 哔哩哔哩链接: https://www.bilibili.com/video/BV1Bqt1epE8j/&#xA;如何用五声音阶来作曲？ 哔哩哔哩链接: https://www.bilibili.com/video/BV1zfcseYEdn/&#xA;如何把你的曲子改成 Lydian？ 哔哩哔哩链接: https://www.bilibili.com/video/BV1XaKceaELb/</description>
    </item>
    <item>
      <title>如何用指板音阶即兴？</title>
      <link>http://localhost:1313/%E6%88%91%E5%8F%AF%E4%BB%A5%E6%80%8E%E4%B9%88%E5%B8%AE%E5%88%B0%E4%BD%A0/%E9%9F%B3%E9%98%B6%E4%B8%8E%E5%8D%B3%E5%85%B4/</link>
      <pubDate>Mon, 01 Jan 0001 00:00:00 +0000</pubDate>
      <guid>http://localhost:1313/%E6%88%91%E5%8F%AF%E4%BB%A5%E6%80%8E%E4%B9%88%E5%B8%AE%E5%88%B0%E4%BD%A0/%E9%9F%B3%E9%98%B6%E4%B8%8E%E5%8D%B3%E5%85%B4/</guid>
      <description>这个系列会带你认识一些吉他上的音阶指型，带你进一步的认识你的乐器。同时，我还会告诉你怎么用它们来即兴！&#xA;五声音阶是什么？ 哔哩哔哩链接: https://www.bilibili.com/video/BV1fzCxYWERq/&#xA;如何用五声音阶即兴？ 哔哩哔哩链接: https://www.bilibili.com/video/BV1we6zYsEJQ/&#xA;什么是蓝调音阶？ 哔哩哔哩链接: https://www.bilibili.com/video/BV1k4wjejEDv/&#xA;从零到一的蓝调即兴教学！ 哔哩哔哩链接: https://www.bilibili.com/video/BV1JnfvYpECD/&#xA;现代中古调式 哔哩哔哩链接: https://www.bilibili.com/video/BV1pCNpe6Eso/</description>
    </item>
  </channel>
</rss>
