<?xml version="1.0" encoding="utf-8" standalone="yes"?>
<rss version="2.0" xmlns:atom="http://www.w3.org/2005/Atom">
  <channel>
    <title>Cosmos on My New Hugo Site</title>
    <link>http://localhost:1313/tags/cosmos/</link>
    <description>Recent content in Cosmos on My New Hugo Site</description>
    <generator>Hugo -- gohugo.io</generator>
    <language>en-us</language>
    <lastBuildDate>Sat, 12 Aug 2023 14:15:05 +0700</lastBuildDate>
    <atom:link href="http://localhost:1313/tags/cosmos/index.xml" rel="self" type="application/rss+xml" />
    <item>
      <title>The Great Beyond: Exploring the Expanding Universe</title>
      <link>http://localhost:1313/posts/2023/the-great-beyond/</link>
      <pubDate>Sat, 12 Aug 2023 14:15:05 +0700</pubDate>
      <guid>http://localhost:1313/posts/2023/the-great-beyond/</guid>
      <description>The universe, with its vastness and complexity, has intrigued humanity for centuries. In recent decades, our understanding of the cosmos has deepened, thanks to groundbreaking discoveries about the expansion of the universe. In this article, we embark on a journey to explore the great beyond, delving into the universe&amp;rsquo;s expansion and the mysteries it unveils.&#xA;The Expanding Universe: A Cosmic Revelation Keyword: Expanding Universe&#xA;Long-term Keyword: Insights into Universe&amp;rsquo;s Expansion</description>
    </item>
  </channel>
</rss>
