<?xml version="1.0" encoding="utf-8" standalone="yes"?>
<rss version="2.0" xmlns:atom="http://www.w3.org/2005/Atom">
  <channel>
    <title>网站内容s on IC STUDIO</title>
    <link>http://localhost:1313/%E7%BD%91%E7%AB%99%E5%86%85%E5%AE%B9/</link>
    <description>Recent content in 网站内容s on IC STUDIO</description>
    <generator>Hugo</generator>
    <language>en-us</language>
    <atom:link href="http://localhost:1313/%E7%BD%91%E7%AB%99%E5%86%85%E5%AE%B9/index.xml" rel="self" type="application/rss+xml" />
    <item>
      <title>关于 IC STUDIO：我的音乐成长故事</title>
      <link>http://localhost:1313/%E7%BD%91%E7%AB%99%E5%86%85%E5%AE%B9/guan-yu-ic-studio/</link>
      <pubDate>Mon, 01 Jan 0001 00:00:00 +0000</pubDate>
      <guid>http://localhost:1313/%E7%BD%91%E7%AB%99%E5%86%85%E5%AE%B9/guan-yu-ic-studio/</guid>
      <description>哈咯，欢迎来到 IC Studio 官网！我是 Igor Chen，IC Studio 的创办人。IC Studio 是我在 2024 年 8 月底创立的自媒体频道，其中的 “IC” 便是我名字的首字母缩写。&#xA;我是居住在意大利的语言专业高中生，同时也是一名内容创作者和音乐爱好者。我的音乐旅程始于初三（2019 年 3 月 1 日），那时在音乐课上看到老师弹琴，觉得特别帅，于是买了一把吉他，跟着老师一起练习。渐渐地，我对音乐的兴趣越来越浓厚，特别是在接触 “好和弦” 这个频道后，乐理和音乐创作成为我探索的重点。也是从那时起，我开启了自学音乐的道路。&#xA;随着学习的深入，我开始找了一位专业的爵士吉他老师并开始学习即兴，但同时也没有停止自学。我通过各种视频、书籍等资源不断吸收新知识，并享受这个学习过程。&#xA;2025 年，我计划报考米兰音乐大学（Giuseppe Verdi），继续深入学习音乐，提升自己的创作能力。IC Studio 是我分享音乐旅程、创作心得和个人思考的空间，希望这里的内容能为你带来启发，也欢迎你与我交流，一起感受音乐的魅力！&#xA;为什么要建立 IC Studio 呢？ 目前 IC Studio 只会在 YouTube，哔哩哔哩和 Odysee 三个平台上发布内容，如果你在其他平台看到我，那都不是我。&#xA;与其说 IC Studio 是一个频道，我更愿意把他称之为我在自媒体上的一个身份。我创建 IC Studio 主要有以下几个目的：&#xA;建立一个只有自己的分享音乐知识和运营自媒体的平台，减少对其他平台的依赖性。 帮助那些没有音乐背景却热爱音乐的朋友找到自己的方向，早日突破当前的瓶颈期。 这条也是我认为最重要的一条：我希望在帮助别人的同时，提升自己的对音乐的理解以及整体水平。毕竟巩固也是学习里重要的一部分。 在我的音乐成长道路上，大部分时间都是通过自学完成的，因此我非常了解自学音乐过程中常见的困惑和挑战。但我也知道，光靠自学不能完全吸收书本里的知识，正因如此，我创建了 IC Studio，希望通过分享我学到的内容，帮助音乐初学者少走弯路，克服瓶颈期的同时实现一个自我成长，成为我想成为的那个人。&#xA;我可以怎么帮助你？ 目前这个网站可以提供一下服务：&#xA;私人课程：你可以跟我预约一对一线上课程，详情点这里 许愿池：你可以在这个页面许愿未来想看到的视频主题 吉他/乐理教学：你可以在这个页面看到被系统整理过后的音乐内容 支持 IC Studio：如果你觉得 IC Studio 的内容对你的音乐发展有帮助，请一定要用实际行动来支持 IC Studio 哦！ 在未来，我可能会在这个网站上传我自己的视频课程，以及一些会员制度和福利，提出一些更深层次的音乐交流和活动。请敬请期待！</description>
    </item>
    <item>
      <title>一对一音乐课</title>
      <link>http://localhost:1313/%E7%BD%91%E7%AB%99%E5%86%85%E5%AE%B9/%E7%A7%81%E4%BA%BA%E8%AF%BE%E7%A8%8B/</link>
      <pubDate>Mon, 01 Jan 0001 00:00:00 +0000</pubDate>
      <guid>http://localhost:1313/%E7%BD%91%E7%AB%99%E5%86%85%E5%AE%B9/%E7%A7%81%E4%BA%BA%E8%AF%BE%E7%A8%8B/</guid>
      <description>每节课时长：60分钟&#xA;费用：40€/每课 （也可以用等量的货币支付）&#xA;如何开始？ 你可以直接通过我的邮件 icstudio@fastmail.com 联系我。做个简单的自我介绍，说明你的学习目标，目前的等级以及联系方式，然后我会尽快地跟你安排第一堂课。&#xA;你将学到什么？ 吉他技巧 🎸：作为我的主修乐器，吉他将是我们的主要教学工具。我将帮助你提升演奏技巧，包括手指灵活性、拨弦控制、滑音、击弦、推弦等技术，同时强化你的节奏感和动态控制。在爵士、流行和 R&amp;amp;B 等风格中，我们会深入研究如何演绎不同的乐句，提升你的即兴演奏能力，让你的演奏更具表现力和音乐性。 音乐理论 🎼：我们不仅会深入理解乐理，还会着重于如何将其真正运用到演奏和创作中。你将掌握指板逻辑、音阶指型、和弦构造等关键知识，并学会如何将这些知识应用到即兴演奏、作曲和编曲中。让乐理不再是枯燥的规则，而是帮助你自由表达音乐思想的工具！ 自主学习能力 🔍：除了技巧和知识，我还会教你如何高效自学。从多个角度分析问题，培养独立思考的能力，学会如何寻找答案，让你不再是被动的学习者，而是一个能够持续进步的音乐探索者。这不仅能帮助你提升音乐水平，也能让你在未来的学习和创作中更加自信和自主！ FAQ 一对一课程适合哪些人？&#xA;这门课程并不适合所有人，目前适合的人群是新手，初学者，和一部分进阶者。如果你有以下的问题的话，那么欢迎你来对地方了！&#xA;不知道吉他或者音乐是怎么运作的，想要系统性的开始从零学习。 玩了很久的弹唱，但还是对你的乐器不了解，脱离了谱子就什么也弹不出来。 大概知道指板上的音阶，也可以顺利的跟着节拍器弹出来，但是一旦有伴奏带就不知道该干什么了。 Cover 别人的吉他 Solo 时不会遇到太大的问题，但是在写自己的 Solo 的时候常常会卡住。 课程会在哪里上？&#xA;课程是在线上进行的。线上课程会通过高清视频通话进行，无论你身处何地，都能获得高质量的教学体验。&#xA;多久上一次课比较合适？&#xA;课程的频率取决于你的学习目标和时间安排。如果你是完全初学者的话，我会说每周 1-2 次课程是最理想的节奏，这样既能保证你有足够的时间练习和消化新知识，又能在下次课程时及时调整和进步。但如果你有点基础的话，而且也会自觉完成作业的话每周或者每两周一节课也不会有太大的问题。&#xA;为什么要上私人课程，而不是直接看视频教程？&#xA;视频教程虽然可以提供知识，但缺少针对性的指导和互动。在私人课程中，我会根据你的学习进度、弱点和目标，制定专属的学习计划，并给予实时的反馈和纠正。你可以随时提问，避免走弯路，确保每一步都学得扎实。这种一对一的个性化教学，能让你在更短的时间内取得更大的进步。</description>
    </item>
    <item>
      <title>支持 IC STUDIO</title>
      <link>http://localhost:1313/%E7%BD%91%E7%AB%99%E5%86%85%E5%AE%B9/donate/</link>
      <pubDate>Mon, 01 Jan 0001 00:00:00 +0000</pubDate>
      <guid>http://localhost:1313/%E7%BD%91%E7%AB%99%E5%86%85%E5%AE%B9/donate/</guid>
      <description>你可以用一下任何一种方式来实际支持 IC Studio：&#xA;PayPal（贝宝）: https://paypal.me/icstudio86?country.x=IT&amp;amp;locale.x=en_US Bilibili 充电: https://space.bilibili.com/376362605 Iban：IT11Q3608105138291893191904；收款方：Igor Chen 投资账号：DE58502109007013267698；收款方：Igor Chen 免费支持 IC Studio 的方式：点赞，投币（如果你是 b站用户的话），关注，收藏，分享我在各平台分享的视频。 </description>
    </item>
  </channel>
</rss>
