<?xml version="1.0" encoding="utf-8" standalone="yes"?>
<rss version="2.0" xmlns:atom="http://www.w3.org/2005/Atom">
  <channel>
    <title>Nebula on My New Hugo Site</title>
    <link>http://localhost:1313/tags/nebula/</link>
    <description>Recent content in Nebula on My New Hugo Site</description>
    <generator>Hugo -- gohugo.io</generator>
    <language>en-us</language>
    <lastBuildDate>Sun, 24 Sep 2023 11:15:17 +0700</lastBuildDate>
    <atom:link href="http://localhost:1313/tags/nebula/index.xml" rel="self" type="application/rss+xml" />
    <item>
      <title>Galactic Marvels: The Most Spectacular Nebulas in the Cosmos</title>
      <link>http://localhost:1313/posts/2023/galactic-marvels/</link>
      <pubDate>Sun, 24 Sep 2023 11:15:17 +0700</pubDate>
      <guid>http://localhost:1313/posts/2023/galactic-marvels/</guid>
      <description>In the vast expanse of the cosmos, one cannot help but be captivated by the breathtaking beauty of nebulae. These celestial marvels are often hidden in the depths of space, waiting to be discovered and admired by astronomers and space enthusiasts alike. In this article, we will embark on a cosmic journey to explore some of the most spectacular nebulas in the cosmos, shedding light on their unique features and the mysteries they hold.</description>
    </item>
  </channel>
</rss>
