<?xml version="1.0" encoding="utf-8" standalone="yes"?>
<rss version="2.0" xmlns:atom="http://www.w3.org/2005/Atom">
  <channel>
    <title>Cosmic on My New Hugo Site</title>
    <link>http://localhost:1313/tags/cosmic/</link>
    <description>Recent content in Cosmic on My New Hugo Site</description>
    <generator>Hugo</generator>
    <language>en-us</language>
    <lastBuildDate>Sun, 24 Sep 2023 11:15:17 +0700</lastBuildDate>
    <atom:link href="http://localhost:1313/tags/cosmic/index.xml" rel="self" type="application/rss+xml" />
    <item>
      <title>Galactic Marvels: The Most Spectacular Nebulas in the Cosmos</title>
      <link>http://localhost:1313/posts/2023/galactic-marvels/</link>
      <pubDate>Sun, 24 Sep 2023 11:15:17 +0700</pubDate>
      <guid>http://localhost:1313/posts/2023/galactic-marvels/</guid>
      <description>In the vast expanse of the cosmos, one cannot help but be captivated by the breathtaking beauty of nebulae. These celestial marvels are often hidden in the depths of space, waiting to be discovered and admired by astronomers and space enthusiasts alike. In this article, we will embark on a cosmic journey to explore some of the most spectacular nebulas in the cosmos, shedding light on their unique features and the mysteries they hold.</description>
    </item>
    <item>
      <title>Stellar Spectacles: The Wonders of Supernova Explosions</title>
      <link>http://localhost:1313/posts/2023/stellar-spectacles/</link>
      <pubDate>Sat, 23 Sep 2023 22:45:37 +0700</pubDate>
      <guid>http://localhost:1313/posts/2023/stellar-spectacles/</guid>
      <description>In the vast expanse of the cosmos, few events match the spectacle and scientific importance of supernova explosions. These awe-inspiring cosmic fireworks mark the dramatic end of a star&amp;rsquo;s life and offer profound insights into the universe&amp;rsquo;s workings. In this article, we embark on a journey to explore the wonders of supernova explosions, shedding light on their significance and the mysteries they unveil.&#xA;Supernova Explosions: Cosmic Fireworks Keyword: Supernova Explosions</description>
    </item>
    <item>
      <title>Cosmic Time Travel: Peering into the Universe&#39;s Past with Telescopes</title>
      <link>http://localhost:1313/posts/2022/cosmic-time-travel/</link>
      <pubDate>Mon, 07 Aug 2023 09:30:32 +0700</pubDate>
      <guid>http://localhost:1313/posts/2022/cosmic-time-travel/</guid>
      <description>In the realm of astronomy, telescopes are our time machines, allowing us to peer into the distant past of the universe. These remarkable instruments have the power to capture light that has traveled across the cosmos for millions or even billions of years. In this article, we embark on a journey of cosmic time travel, exploring how telescopes enable us to witness the universe&amp;rsquo;s history.&#xA;The Time-Traveling Telescopes Keyword: Time-Traveling Telescopes</description>
    </item>
  </channel>
</rss>
