<?xml version="1.0" encoding="utf-8" standalone="yes"?>
<rss version="2.0" xmlns:atom="http://www.w3.org/2005/Atom">
  <channel>
    <title>Supernova on My New Hugo Site</title>
    <link>http://localhost:1313/tags/supernova/</link>
    <description>Recent content in Supernova on My New Hugo Site</description>
    <generator>Hugo -- gohugo.io</generator>
    <language>en-us</language>
    <lastBuildDate>Sat, 23 Sep 2023 22:45:37 +0700</lastBuildDate>
    <atom:link href="http://localhost:1313/tags/supernova/index.xml" rel="self" type="application/rss+xml" />
    <item>
      <title>Stellar Spectacles: The Wonders of Supernova Explosions</title>
      <link>http://localhost:1313/posts/2023/stellar-spectacles/</link>
      <pubDate>Sat, 23 Sep 2023 22:45:37 +0700</pubDate>
      <guid>http://localhost:1313/posts/2023/stellar-spectacles/</guid>
      <description>In the vast expanse of the cosmos, few events match the spectacle and scientific importance of supernova explosions. These awe-inspiring cosmic fireworks mark the dramatic end of a star&amp;rsquo;s life and offer profound insights into the universe&amp;rsquo;s workings. In this article, we embark on a journey to explore the wonders of supernova explosions, shedding light on their significance and the mysteries they unveil.&#xA;Supernova Explosions: Cosmic Fireworks Keyword: Supernova Explosions</description>
    </item>
  </channel>
</rss>
