<?xml version="1.0" encoding="utf-8" standalone="yes"?>
<rss version="2.0" xmlns:atom="http://www.w3.org/2005/Atom">
  <channel>
    <title>网站内容 on IC STUDIO</title>
    <link>http://localhost:1313/categories/%E7%BD%91%E7%AB%99%E5%86%85%E5%AE%B9/</link>
    <description>Recent content in 网站内容 on IC STUDIO</description>
    <generator>Hugo</generator>
    <language>en-us</language>
    <atom:link href="http://localhost:1313/categories/%E7%BD%91%E7%AB%99%E5%86%85%E5%AE%B9/index.xml" rel="self" type="application/rss+xml" />
    <item>
      <title>一对一音乐课</title>
      <link>http://localhost:1313/%E7%BD%91%E7%AB%99%E5%86%85%E5%AE%B9/%E7%A7%81%E4%BA%BA%E8%AF%BE%E7%A8%8B/</link>
      <pubDate>Mon, 01 Jan 0001 00:00:00 +0000</pubDate>
      <guid>http://localhost:1313/%E7%BD%91%E7%AB%99%E5%86%85%E5%AE%B9/%E7%A7%81%E4%BA%BA%E8%AF%BE%E7%A8%8B/</guid>
      <description>每节课时长：60分钟&#xA;费用：40€/每课 （也可以用等量的货币支付）&#xA;如何开始？ 你可以直接通过我的邮件 icstudio@fastmail.com 联系我。做个简单的自我介绍，说明你的学习目标，目前的等级以及联系方式，然后我会尽快地跟你安排第一堂课。&#xA;你将学到什么？ 吉他技巧 🎸：作为我的主修乐器，吉他将是我们的主要教学工具。我将帮助你提升演奏技巧，包括手指灵活性、拨弦控制、滑音、击弦、推弦等技术，同时强化你的节奏感和动态控制。在爵士、流行和 R&amp;amp;B 等风格中，我们会深入研究如何演绎不同的乐句，提升你的即兴演奏能力，让你的演奏更具表现力和音乐性。 音乐理论 🎼：我们不仅会深入理解乐理，还会着重于如何将其真正运用到演奏和创作中。你将掌握指板逻辑、音阶指型、和弦构造等关键知识，并学会如何将这些知识应用到即兴演奏、作曲和编曲中。让乐理不再是枯燥的规则，而是帮助你自由表达音乐思想的工具！ 自主学习能力 🔍：除了技巧和知识，我还会教你如何高效自学。从多个角度分析问题，培养独立思考的能力，学会如何寻找答案，让你不再是被动的学习者，而是一个能够持续进步的音乐探索者。这不仅能帮助你提升音乐水平，也能让你在未来的学习和创作中更加自信和自主！ FAQ 一对一课程适合哪些人？&#xA;这门课程并不适合所有人，目前适合的人群是新手，初学者，和一部分进阶者。如果你有以下的问题的话，那么欢迎你来对地方了！&#xA;不知道吉他或者音乐是怎么运作的，想要系统性的开始从零学习。 玩了很久的弹唱，但还是对你的乐器不了解，脱离了谱子就什么也弹不出来。 大概知道指板上的音阶，也可以顺利的跟着节拍器弹出来，但是一旦有伴奏带就不知道该干什么了。 Cover 别人的吉他 Solo 时不会遇到太大的问题，但是在写自己的 Solo 的时候常常会卡住。 课程会在哪里上？&#xA;课程是在线上进行的。线上课程会通过高清视频通话进行，无论你身处何地，都能获得高质量的教学体验。&#xA;多久上一次课比较合适？&#xA;课程的频率取决于你的学习目标和时间安排。如果你是完全初学者的话，我会说每周 1-2 次课程是最理想的节奏，这样既能保证你有足够的时间练习和消化新知识，又能在下次课程时及时调整和进步。但如果你有点基础的话，而且也会自觉完成作业的话每周或者每两周一节课也不会有太大的问题。&#xA;为什么要上私人课程，而不是直接看视频教程？&#xA;视频教程虽然可以提供知识，但缺少针对性的指导和互动。在私人课程中，我会根据你的学习进度、弱点和目标，制定专属的学习计划，并给予实时的反馈和纠正。你可以随时提问，避免走弯路，确保每一步都学得扎实。这种一对一的个性化教学，能让你在更短的时间内取得更大的进步。</description>
    </item>
    <item>
      <title>支持 IC STUDIO</title>
      <link>http://localhost:1313/%E7%BD%91%E7%AB%99%E5%86%85%E5%AE%B9/donate/</link>
      <pubDate>Mon, 01 Jan 0001 00:00:00 +0000</pubDate>
      <guid>http://localhost:1313/%E7%BD%91%E7%AB%99%E5%86%85%E5%AE%B9/donate/</guid>
      <description>你可以用一下任何一种方式来实际支持 IC Studio：&#xA;PayPal（贝宝）: https://paypal.me/icstudio86?country.x=IT&amp;amp;locale.x=en_US Bilibili 充电: https://space.bilibili.com/376362605 Iban：IT11Q3608105138291893191904；收款方：Igor Chen 投资账号：DE58502109007013267698；收款方：Igor Chen 免费支持 IC Studio 的方式：点赞，投币（如果你是 b站用户的话），关注，收藏，分享我在各平台分享的视频。 </description>
    </item>
  </channel>
</rss>
