<?xml version="1.0" encoding="utf-8" standalone="yes"?>
<rss version="2.0" xmlns:atom="http://www.w3.org/2005/Atom">
  <channel>
    <title>Exoplanets on My New Hugo Site</title>
    <link>http://localhost:1313/tags/exoplanets/</link>
    <description>Recent content in Exoplanets on My New Hugo Site</description>
    <generator>Hugo</generator>
    <language>en-us</language>
    <lastBuildDate>Thu, 27 Jul 2023 13:03:07 +0700</lastBuildDate>
    <atom:link href="http://localhost:1313/tags/exoplanets/index.xml" rel="self" type="application/rss+xml" />
    <item>
      <title>Exoplanets: Hunting for Earth&#39;s Cosmic Cousins</title>
      <link>http://localhost:1313/posts/2022/exoplanets-hunting/</link>
      <pubDate>Thu, 27 Jul 2023 13:03:07 +0700</pubDate>
      <guid>http://localhost:1313/posts/2022/exoplanets-hunting/</guid>
      <description>In the vast tapestry of the cosmos, one of the most intriguing quests of modern astronomy is the search for exoplanets, distant celestial bodies that might bear a resemblance to our own Earth. This endeavor is driven by the tantalizing question: Could there be other habitable worlds out there? In this article, we embark on a journey to explore the captivating hunt for Earth&amp;rsquo;s cosmic cousins.&#xA;The Exoplanet Revolution Keyword: Exoplanet Revolution</description>
    </item>
  </channel>
</rss>
