<?xml version="1.0" encoding="utf-8" standalone="yes"?>
<rss version="2.0" xmlns:atom="http://www.w3.org/2005/Atom">
  <channel>
    <title>Exploration on My New Hugo Site</title>
    <link>http://localhost:1313/tags/exploration/</link>
    <description>Recent content in Exploration on My New Hugo Site</description>
    <generator>Hugo -- gohugo.io</generator>
    <language>en-us</language>
    <lastBuildDate>Tue, 15 Aug 2023 13:45:49 +0700</lastBuildDate>
    <atom:link href="http://localhost:1313/tags/exploration/index.xml" rel="self" type="application/rss+xml" />
    <item>
      <title>关于 IC STUDIO</title>
      <link>http://localhost:1313/posts/2023/space-explorations-next-frontier/</link>
      <pubDate>Tue, 15 Aug 2023 13:45:49 +0700</pubDate>
      <guid>http://localhost:1313/posts/2023/space-explorations-next-frontier/</guid>
      <description>我是谁？ 嗨，我是Igor Chen，目前是一名意大利高中生，尽管目前主修的是语言专业，但音乐才是我真正热爱的领域。我最喜欢的音乐风格包括 Jazz、Bossa Nova、R&amp;amp;B、Funk 和 Pop。我接触音乐已有6年，从最初自学吉他和乐理，到后来开始跟随私教系统学习爵士吉他。&#xA;目前有一位私教老师指导，我主要学习的是吉他即兴演奏。除此之外，我平时通过书籍和网络资源，自主学习乐理、编曲、混音和录音等让我感兴趣的音乐主题。&#xA;关于 IC Studio IC Studio 是我创立的自媒体频道，其中的“IC”正是我名字 Igor Chen 的缩写。我创建这个频道主要有两个目的：&#xA;提高自己的知名度，通过分享音乐知识和运营自媒体，逐步摆脱朝九晚五的生活模式。 帮助那些没有音乐背景却热爱音乐的朋友找到自己的方向，早日突破当前的瓶颈期。 在我的音乐成长道路上，大部分时间都是通过自学完成的，因此我非常了解自学音乐过程中常见的困惑和挑战。正因如此，我创建了 IC Studio，希望通过分享我的自学经历，帮助音乐初学者少走弯路，克服瓶颈期，在音乐道路上更顺畅地前进。&#xA;同时，我也希望在帮助他人的过程中，实现自我成长，并维持自己的生活。IC Studio 不仅是一个分享知识的平台，它的意义更在于帮助他人成为他们理想中的自己，同时也让我在这个过程中不断成长，努力成为我想成为的那个人。&#xA;这个网站用来干嘛的？ 我目前会把这个网站当作一个交流平台。你可以通过写邮件来联系我。你可以跟我约私人课程，提供我视频灵感，告诉我你感兴趣的视频主题或者希望看到的视频内容，又或者单纯的找我聊聊音乐我都是非常欢迎的。&#xA;在未来，我可能会在这个网站上传我自己的视频课程，以及一些会员制度和福利，提出一些更深层次的音乐交流和活动。不过那应该要等我有充裕的时间和拥有足够的知识之后啦。&#xA;我为什么成立了这个网站？ 我成立这个网站的原因，源于对短视频平台和推荐算法环境的深刻反思。随着短视频的普及，以及平台演算法对内容分发的控制，创作者的独立性和重要性正逐渐被侵蚀。&#xA;推荐算法让观众越来越倾向于被动接收内容，而创作者与观众之间的直接联系却被削弱。即使通过YouTube或哔哩哔哩的社群功能与观众互动，这种沟通依然是依赖于平台规则的，存在诸多限制。平台的目标并非服务创作者，而是追求自身利益，这使创作者始终处于不利地位。&#xA;因此，我决定建立一个完全属于自己的独立平台，去中心化，与真正支持我的人建立更紧密的沟通渠道。在这个平台上，我可以自由地分享我的音乐、经验和想法，而不用担心受到算法或规则的干扰。同时，我希望通过这种方式，传递一种创作者应该掌控自己未来的理念，不再过度依赖那些逐渐侵蚀创作者价值的内容平台。&#xA;无论是私人课程、视频创意分享，还是对音乐的探讨，这里都欢迎你们的参与。这不仅是一个展示作品的地方，更是我与支持者交流、共同成长的空间。</description>
    </item>
    <item>
      <title>The Great Beyond: Exploring the Expanding Universe</title>
      <link>http://localhost:1313/posts/2023/the-great-beyond/</link>
      <pubDate>Sat, 12 Aug 2023 14:15:05 +0700</pubDate>
      <guid>http://localhost:1313/posts/2023/the-great-beyond/</guid>
      <description>The universe, with its vastness and complexity, has intrigued humanity for centuries. In recent decades, our understanding of the cosmos has deepened, thanks to groundbreaking discoveries about the expansion of the universe. In this article, we embark on a journey to explore the great beyond, delving into the universe&amp;rsquo;s expansion and the mysteries it unveils.&#xA;The Expanding Universe: A Cosmic Revelation Keyword: Expanding Universe&#xA;Long-term Keyword: Insights into Universe&amp;rsquo;s Expansion</description>
    </item>
    <item>
      <title>Cosmic Time Travel: Peering into the Universe&#39;s Past with Telescopes</title>
      <link>http://localhost:1313/posts/2022/cosmic-time-travel/</link>
      <pubDate>Mon, 07 Aug 2023 09:30:32 +0700</pubDate>
      <guid>http://localhost:1313/posts/2022/cosmic-time-travel/</guid>
      <description>In the realm of astronomy, telescopes are our time machines, allowing us to peer into the distant past of the universe. These remarkable instruments have the power to capture light that has traveled across the cosmos for millions or even billions of years. In this article, we embark on a journey of cosmic time travel, exploring how telescopes enable us to witness the universe&amp;rsquo;s history.&#xA;The Time-Traveling Telescopes Keyword: Time-Traveling Telescopes</description>
    </item>
    <item>
      <title>The Hubble Space Telescope: 30 Years of Stunning Discoveries</title>
      <link>http://localhost:1313/posts/2022/the-hubble-space-telescope/</link>
      <pubDate>Sun, 30 Jul 2023 09:30:32 +0700</pubDate>
      <guid>http://localhost:1313/posts/2022/the-hubble-space-telescope/</guid>
      <description>For three remarkable decades, the Hubble Space Telescope has been our eye on the universe, delivering breathtaking images and transformative scientific insights. Since its launch in 1990, the Hubble has reshaped our understanding of the cosmos and provided us with unparalleled views of distant galaxies, nebulae, and other celestial wonders. In this article, we celebrate the Hubble Space Telescope&amp;rsquo;s 30 years of stunning discoveries.&#xA;The Visionary Hubble Telescope Keyword: Hubble Space Telescope</description>
    </item>
    <item>
      <title>Exoplanets: Hunting for Earth&#39;s Cosmic Cousins</title>
      <link>http://localhost:1313/posts/2022/exoplanets-hunting/</link>
      <pubDate>Thu, 27 Jul 2023 13:03:07 +0700</pubDate>
      <guid>http://localhost:1313/posts/2022/exoplanets-hunting/</guid>
      <description>In the vast tapestry of the cosmos, one of the most intriguing quests of modern astronomy is the search for exoplanets, distant celestial bodies that might bear a resemblance to our own Earth. This endeavor is driven by the tantalizing question: Could there be other habitable worlds out there? In this article, we embark on a journey to explore the captivating hunt for Earth&amp;rsquo;s cosmic cousins.&#xA;The Exoplanet Revolution Keyword: Exoplanet Revolution</description>
    </item>
  </channel>
</rss>
