<?xml version="1.0" encoding="utf-8" standalone="yes"?>
<rss version="2.0" xmlns:atom="http://www.w3.org/2005/Atom">
  <channel>
    <title>Tags on IC STUDIO</title>
    <link>http://localhost:1313/tags/</link>
    <description>Recent content in Tags on IC STUDIO</description>
    <generator>Hugo</generator>
    <language>en-us</language>
    <atom:link href="http://localhost:1313/tags/index.xml" rel="self" type="application/rss+xml" />
    <item>
      <title>Feature</title>
      <link>http://localhost:1313/tags/feature/</link>
      <pubDate>Mon, 01 Jan 0001 00:00:00 +0000</pubDate>
      <guid>http://localhost:1313/tags/feature/</guid>
      <description></description>
    </item>
  </channel>
</rss>
