<?xml version="1.0" encoding="utf-8" standalone="yes"?>
<rss version="2.0" xmlns:atom="http://www.w3.org/2005/Atom">
  <channel>
    <title>Categories on IC STUDIO</title>
    <link>http://localhost:1313/categories/</link>
    <description>Recent content in Categories on IC STUDIO</description>
    <generator>Hugo</generator>
    <language>en-us</language>
    <atom:link href="http://localhost:1313/categories/index.xml" rel="self" type="application/rss+xml" />
    <item>
      <title>我可以怎么帮到你？</title>
      <link>http://localhost:1313/categories/%E6%88%91%E5%8F%AF%E4%BB%A5%E6%80%8E%E4%B9%88%E5%B8%AE%E5%88%B0%E4%BD%A0/</link>
      <pubDate>Mon, 01 Jan 0001 00:00:00 +0000</pubDate>
      <guid>http://localhost:1313/categories/%E6%88%91%E5%8F%AF%E4%BB%A5%E6%80%8E%E4%B9%88%E5%B8%AE%E5%88%B0%E4%BD%A0/</guid>
      <description></description>
    </item>
    <item>
      <title>网站内容</title>
      <link>http://localhost:1313/categories/%E7%BD%91%E7%AB%99%E5%86%85%E5%AE%B9/</link>
      <pubDate>Mon, 01 Jan 0001 00:00:00 +0000</pubDate>
      <guid>http://localhost:1313/categories/%E7%BD%91%E7%AB%99%E5%86%85%E5%AE%B9/</guid>
      <description></description>
    </item>
  </channel>
</rss>
