<?xml version="1.0" encoding="utf-8" standalone="yes"?>
<rss version="2.0" xmlns:atom="http://www.w3.org/2005/Atom">
  <channel>
    <title>Telescope on My New Hugo Site</title>
    <link>http://localhost:1313/tags/telescope/</link>
    <description>Recent content in Telescope on My New Hugo Site</description>
    <generator>Hugo -- gohugo.io</generator>
    <language>en-us</language>
    <lastBuildDate>Sun, 30 Jul 2023 09:30:32 +0700</lastBuildDate>
    <atom:link href="http://localhost:1313/tags/telescope/index.xml" rel="self" type="application/rss+xml" />
    <item>
      <title>The Hubble Space Telescope: 30 Years of Stunning Discoveries</title>
      <link>http://localhost:1313/posts/2022/the-hubble-space-telescope/</link>
      <pubDate>Sun, 30 Jul 2023 09:30:32 +0700</pubDate>
      <guid>http://localhost:1313/posts/2022/the-hubble-space-telescope/</guid>
      <description>For three remarkable decades, the Hubble Space Telescope has been our eye on the universe, delivering breathtaking images and transformative scientific insights. Since its launch in 1990, the Hubble has reshaped our understanding of the cosmos and provided us with unparalleled views of distant galaxies, nebulae, and other celestial wonders. In this article, we celebrate the Hubble Space Telescope&amp;rsquo;s 30 years of stunning discoveries.&#xA;The Visionary Hubble Telescope Keyword: Hubble Space Telescope</description>
    </item>
  </channel>
</rss>
